"_id","name","thumb"
"5cd76be4dcc70d919e0e6ae4","Eddard “Ned” Stark","eddard_“ned” stark.jpeg"
"5cd76be4dcc70d919e0e6ae5","Robert Baratheon","robert_baratheon.jpeg"
"5cd76be4dcc70d919e0e6aeb","Viserys Targaryen","viserys_targaryen.jpeg"
"5cd76be4dcc70d919e0e6af0","Bran Stark","bran_stark.jpeg"
"5cd76be4dcc70d919e0e6af5","Petyr Baelish (“Littlefinger”)","petyr_baelish (“littlefinger”).jpeg"
"5cd76be4dcc70d919e0e6afa","Jeor Mormont","jeor_mormont.jpeg"
"5cd76be4dcc70d919e0e6aff","Grand Maester Pycelle","grand_maester pycelle.jpeg"
"5cd76be4dcc70d919e0e6aea","Daenerys Targaryen","daenerys_targaryen.jpeg"
"5cd76be4dcc70d919e0e6b04","Barristan Selmy","barristan_selmy.jpeg"
"5cd76be4dcc70d919e0e6ae6","Tyrion Lannister","tyrion_lannister.jpeg"
"5cd76be4dcc70d919e0e6aec","Jon Snow","jon_snow.jpeg"
"5cd76be4dcc70d919e0e6af1","Rickon Stark","rickon_stark.jpeg"
"5cd76be4dcc70d919e0e6aef","Arya Stark","arya_stark.jpeg"
"5cd76be4dcc70d919e0e6af6","Sandor Clegane (“The Hound”)","sandor_clegane (“the hound”).jpeg"
"5cd76be4dcc70d919e0e6afb","Gendry","gendry.jpeg"
"5cd76be4dcc70d919e0e6b00","Varys","varys.jpeg"
"5cd76be4dcc70d919e0e6b05","Khal Drogo","khal_drogo.jpeg"
"5cd76be4dcc70d919e0e6af4","Theon Greyjoy","theon_greyjoy.jpeg"
"5cd76be4dcc70d919e0e6b0a","Osha","osha.jpeg"
"5cd76be4dcc70d919e0e6af9","Ros","ros.jpeg"
"5cd76be4dcc70d919e0e6b0f","Tywin Lannister","tywin_lannister.jpeg"
"5cd76be4dcc70d919e0e6b14","Roose Bolton","roose_bolton.jpeg"
"5cd76be4dcc70d919e0e6afe","Bronn","bronn.jpeg"
"5cd76be4dcc70d919e0e6b19","Jaqen H’ghar","jaqen_h’ghar.jpeg"
"5cd76be4dcc70d919e0e6b1e","Tormund","tormund.jpeg"
"5cd76be4dcc70d919e0e6b23","Qyburn","qyburn.jpeg"
"5cd76be4dcc70d919e0e6b28","Ellaria Sand","ellaria_sand.jpeg"
"5cd76be4dcc70d919e0e6b2d","High Sparrow","high_sparrow.jpeg"
"5cd76be4dcc70d919e0e6b03","Benjen Stark","benjen_stark.jpeg"
"5cd76be4dcc70d919e0e6b09","Alliser Thorne","alliser_thorne.jpeg"
"5cd76be4dcc70d919e0e6b0e","Davos Seaworth","davos_seaworth.jpeg"
"5cd76be4dcc70d919e0e6b13","Balon Greyjoy","balon_greyjoy.jpeg"
"5cd76be4dcc70d919e0e6b08","Maester Luwin","maester_luwin.jpeg"
"5cd76be4dcc70d919e0e6b18","Yara Greyjoy","yara_greyjoy.jpeg"
"5cd76be4dcc70d919e0e6b1d","Mance Rayder","mance_rayder.jpeg"
"5cd76be4dcc70d919e0e6b22","Orell","orell.jpeg"
"5cd76be4dcc70d919e0e6b27","Oberyn Martell","oberyn_martell.jpeg"
"5cd76be4dcc70d919e0e6b2c","Tyene Sand","tyene_sand.jpeg"
"5cd76be4dcc70d919e0e6b31","Lady Crane","lady_crane.jpeg"
"5cd76be4dcc70d919e0e6b0d","Brienne of Tarth","brienne_of tarth.jpeg"
"5cd76be4dcc70d919e0e6b36","Archmaester Ebrose","archmaester_ebrose.jpeg"
"5cd76be4dcc70d919e0e6ae7","Cersei Lannister","cersei_lannister.jpeg"
"5cd76be4dcc70d919e0e6aed","Robb Stark","robb_stark.jpeg"
"5cd76be4dcc70d919e0e6af2","Joffrey Baratheon","joffrey_baratheon.jpeg"
"5cd76be4dcc70d919e0e6af7","Samwell Tarly","samwell_tarly.jpeg"
"5cd76be4dcc70d919e0e6afc","Lysa Arryn","lysa_arryn.jpeg"
"5cd76be4dcc70d919e0e6b12","Ygritte","ygritte.jpeg"
"5cd76be4dcc70d919e0e6b01","Loras Tyrell","loras_tyrell.jpeg"
"5cd76be4dcc70d919e0e6b06","Hodor","hodor.jpeg"
"5cd76be4dcc70d919e0e6b32","High Priestess","high_priestess.jpeg"
"5cd76be4dcc70d919e0e6ae8","Catelyn Stark","catelyn_stark.jpeg"
"5cd76be4dcc70d919e0e6b0b","Maester Aemon","maester_aemon.jpeg"
"5cd76be4dcc70d919e0e6b10","Stannis Baratheon","stannis_baratheon.jpeg"
"5cd76be4dcc70d919e0e6b15","Gilly","gilly.jpeg"
"5cd76be4dcc70d919e0e6b1a","Grey Worm","grey_worm.jpeg"
"5cd76be4dcc70d919e0e6b17","Melisandre","melisandre.jpeg"
"5cd76be4dcc70d919e0e6b1f","Ramsay Snow","ramsay_snow.jpeg"
"5cd76be4dcc70d919e0e6b24","Brynden Tully (“The Blackfish”)","brynden_tully (“the blackfish”).jpeg"
"5cd76be4dcc70d919e0e6b29","Myrcella Baratheon","myrcella_baratheon.jpeg"
"5cd76be4dcc70d919e0e6b2e","Trystane Martell","trystane_martell.jpeg"
"5cd76be4dcc70d919e0e6b33","Randyll Tarly","randyll_tarly.jpeg"
"5cd76be4dcc70d919e0e6b1c","Missandei","missandei.jpeg"
"5cd76be4dcc70d919e0e6ae9","Jaime Lannister","jaime_lannister.jpeg"
"5cd76be4dcc70d919e0e6aee","Sansa Stark","sansa_stark.jpeg"
"5cd76be4dcc70d919e0e6af3","Jorah Mormont","jorah_mormont.jpeg"
"5cd76be4dcc70d919e0e6af8","Renly Baratheon","renly_baratheon.jpeg"
"5cd76be4dcc70d919e0e6afd","Robin Arryn","robin_arryn.jpeg"
"5cd76be4dcc70d919e0e6b02","Shae","shae.jpeg"
"5cd76be4dcc70d919e0e6b07","Lancel Lannister","lancel_lannister.jpeg"
"5cd76be4dcc70d919e0e6b0c","Talisa Stark","talisa_stark.jpeg"
"5cd76be4dcc70d919e0e6b11","Margaery Tyrell","margaery_tyrell.jpeg"
"5cd76be4dcc70d919e0e6b16","Podrick Payne","podrick_payne.jpeg"
"5cd76be4dcc70d919e0e6b1b","Beric Dondarrion","beric_dondarrion.jpeg"
"5cd76be4dcc70d919e0e6b20","Olenna Tyrell","olenna_tyrell.jpeg"
"5cd76be4dcc70d919e0e6b25","Tommen Baratheon","tommen_baratheon.jpeg"
"5cd76be4dcc70d919e0e6b21","Thoros of Myr","thoros_of myr.jpeg"
"5cd76be4dcc70d919e0e6b2a","Obara Sand","obara_sand.jpeg"
"5cd76be4dcc70d919e0e6b2f","Doran Martell","doran_martell.jpeg"
"5cd76be4dcc70d919e0e6b34","Izembaro","izembaro.jpeg"
"5cd76be4dcc70d919e0e6b26","Daario Naharis","daario_naharis.jpeg"
"5cd76be4dcc70d919e0e6b2b","Nym Sand","nym_sand.jpeg"
"5cd76be4dcc70d919e0e6b30","Euron Greyjoy","euron_greyjoy.jpeg"
"5cd76be4dcc70d919e0e6b35","Brother Ray","brother_ray.jpeg"